Adauga Restaurant, Thu May 16 14:12:54 EEST 2024
Adauga Restaurant, Thu May 16 14:15:41 EEST 2024
Adauga Restaurant, Thu May 16 14:19:08 EEST 2024
Adauga Restaurant, Thu May 16 14:29:49 EEST 2024
Adauga Fel de Mâncare, Thu May 16 14:30:25 EEST 2024
Plaseaza Comanda, Thu May 16 14:30:45 EEST 2024
Adauga Restaurant, Thu May 16 14:39:19 EEST 2024
Adauga Fel de Mâncare, Thu May 16 14:39:34 EEST 2024
Plaseaza Comanda, Thu May 16 14:39:47 EEST 2024
Actualizeaza Comanda, Thu May 16 14:46:48 EEST 2024
Actualizeaza Comanda, Thu May 16 14:50:57 EEST 2024
Sterge Comanda, Thu May 16 14:51:39 EEST 2024
Adauga Restaurant, Thu May 23 19:56:55 EEST 2024
Actualizeaza Comanda, Thu May 23 19:57:23 EEST 2024
Adauga Restaurant, Thu May 23 20:25:27 EEST 2024
Adauga Fel de Mâncare, Thu May 23 20:25:55 EEST 2024
Adauga Fel de Mâncare, Thu May 23 20:40:04 EEST 2024
Plaseaza Comanda, Thu May 23 21:04:52 EEST 2024
Adauga Restaurant, Thu May 23 21:10:06 EEST 2024
Adauga Fel de Mâncare, Thu May 23 21:10:18 EEST 2024
Plaseaza Comanda, Thu May 23 21:10:33 EEST 2024
Adauga Restaurant Special, 2024-05-24 09:08:55
Adauga Restaurant, 2024-05-24 09:23:31
Adauga Fel de Mâncare, 2024-05-24 09:23:59
Plaseaza Comanda, 2024-05-24 09:24:35
Vizualizeaza Comanda, 2024-05-24 09:25:04
Vizualizeaza Toate Restaurantele, 2024-05-24 09:25:16
Vizualizeaza Feluri de Mâncare, 2024-05-24 09:25:25
Vizualizeaza Feluri de Mâncare, 2024-05-24 09:25:44
Adauga Restaurant Special, 2024-05-24 09:26:02
Adauga Restaurant Special, 2024-05-24 09:29:24
Plaseaza Comanda, 2024-05-24 09:35:41
Vizualizeaza Comanda, 2024-05-24 09:35:52
Plaseaza Comanda, 2024-05-24 09:58:18
Vizualizeaza Comanda, 2024-05-24 09:58:29
Iesire, 2024-05-24 09:58:53
Plaseaza Comanda, 2024-05-24 10:28:38
Plaseaza Comanda, 2024-05-24 10:29:49
Adauga Fel de Mâncare, 2024-05-24 10:47:29
